<?xml version="1.0" encoding="UTF-8"?>
<manifest identifier="modern-javascript-code-practice-1-1" version="1.0" xmlns="http://www.imsproject.org/xsd/imscp_rootv1p1p2" xmlns:adlcp="http://www.adlnet.org/xsd/adlcp_rootv1p2" xmlns:xsi="http://www.w3.org/2001/XMLSchema-instance" xsi:schemaLocation="http://www.imsproject.org/xsd/imscp_rootv1p1p2 imscp_rootv1p1p2.xsd http://www.imsglobal.org/xsd/imsmd_rootv1p2p1 imsmd_rootv1p2p1.xsd http://www.adlnet.org/xsd/adlcp_rootv1p2 adlcp_rootv1p2.xsd">

  <metadata>
    <schema>ADL SCORM</schema>
    <schemaversion>1.2</schemaversion>
    
      <adlcp:location>Code Practice 1.1</adlcp:location>
    
  </metadata>

  <organizations default="modern-javascript-code-practice-1-1_org">
    <organization identifier="modern-javascript-code-practice-1-1_org">
      <title>Code Practice 1.1</title>
      <item identifier="modern-javascript-code-practice-1-1_item" identifierref="modern-javascript-code-practice-1-1_resource">
        <title>Code Practice 1.1</title>
        <adlcp:maxtimeallowed>PT0H30M0S</adlcp:maxtimeallowed>
        <adlcp:timelimitaction>continue,no message</adlcp:timelimitaction>
        <adlcp:datafromlms></adlcp:datafromlms>
        <adlcp:masteryscore>80</adlcp:masteryscore>
      </item>
    </organization>
  </organizations>

  <resources>
    <resource identifier="modern-javascript-code-practice-1-1_resource" type="webcontent" adlcp:scormtype="sco" href="index.html">
      <file href="index.html" />
      
        <file href="styles/reset.css" />
        <file href="styles/site.css" />
        <file href="styles/panel.css" />
        <file href="scripts/panel.js" />
        <file href="scripts/editor.js" />
      
      <dependency identifierref="common_files" />
    </resource>
    <resource identifier="common_files" type="webcontent" adlcp:scormtype="asset">
      <!-- Common SCORM files -->
    </resource>
  </resources>

</manifest>